{"cameraMode":{"drawMode":0,"name":"Shaded","section":"Shading Mode"},"sceneLighting":false,"audioPlay":false,"sceneViewState":{"showFog":true,"showMaterialUpdate":false,"showSkybox":false,"showFlares":true,"showImageEffects":true,"showParticleSystems":true},"in2DMode":false,"pivot":{"x":5.654892921447754,"y":3.0527656078338625,"z":9.108025550842286},"rotation":{"x":0.08037633448839188,"y":0.6578280925750732,"z":-0.07092168182134628,"w":0.7455044984817505},"size":0.28578901290893557,"orthographic":false}