{"cameraMode":{"drawMode":0,"name":"Shaded","section":"Shading Mode"},"sceneLighting":true,"audioPlay":false,"sceneViewState":{"showFog":true,"showMaterialUpdate":false,"showSkybox":true,"showFlares":true,"showImageEffects":true,"showParticleSystems":true},"in2DMode":false,"pivot":{"x":5.610000133514404,"y":3.049999952316284,"z":7.549999713897705},"rotation":{"x":0.18145142495632173,"y":-0.635498583316803,"z":0.15713423490524293,"w":0.733848512172699},"size":1.517643690109253,"orthographic":false}