{"cameraMode":{"drawMode":0,"name":"Shaded","section":"Shading Mode"},"sceneLighting":false,"audioPlay":false,"sceneViewState":{"showFog":true,"showMaterialUpdate":false,"showSkybox":false,"showFlares":true,"showImageEffects":true,"showParticleSystems":true},"in2DMode":false,"pivot":{"x":0.5013172030448914,"y":2.261772632598877,"z":0.6930548548698425},"rotation":{"x":-0.03897244855761528,"y":0.9231806397438049,"z":-0.09729181230068207,"w":-0.36980098485946658},"size":1.3336598873138428,"orthographic":false}