{"cameraMode":{"drawMode":0,"name":"Shaded","section":"Shading Mode"},"sceneLighting":true,"audioPlay":false,"sceneViewState":{"showFog":true,"showMaterialUpdate":false,"showSkybox":true,"showFlares":true,"showImageEffects":true,"showParticleSystems":true},"in2DMode":false,"pivot":{"x":6.255166053771973,"y":4.524288654327393,"z":9.008399963378907},"rotation":{"x":0.03901132568717003,"y":0.40080511569976809,"z":0.017085278406739236,"w":-0.915176272392273},"size":6.470510959625244,"orthographic":false}